x	xend	y	yend
-2.03266062568877	-1.31412686053589	-2.03266062568877	-1.31412686053589
