colour	x	xend	y	yend	showSelected1
#00BFFF	-2.03266062568877	-2.03266062568877	-2.03266062568877	-1.31412686053589	rpart
#FF0000	-2.03266062568877	-1.31412686053589	-2.03266062568877	-2.03266062568877	featureless
